{"input_scaler": {"expected_columns": ["Fin_CH4", "Tin_CH4", "Fin_H2O", "Conversion"], "offset": {"Fin_CH4": 601.206081, "Tin_CH4": 600.1585027, "Fin_H2O": 200.0522428, "Conversion": 0.800049762}, "factor": {"Fin_CH4": 298.49577309999995, "Tin_CH4": 298.6132712, "Fin_H2O": 149.81139760000002, "Conversion": 0.14942917899999997}}, "output_scaler": {"expected_columns": ["HeatDuty", "Fout", "Tout", "H2", "CO", "H2O", "CO2", "CH4", "C2H6", "C3H8", "N2", "Ar"], "offset": {"HeatDuty": 4180385.625, "Fout": 2911.971709, "Tout": 918.1048532, "H2": 0.348874016, "CO": 0.097245279, "H2O": 0.000967818, "CO2": 0.000319505, "CH4": 0.009485477, "C2H6": 5.03e-08, "C3H8": 9.56e-13, "N2": 0.259198786, "Ar": 0.003110714}, "factor": {"HeatDuty": 132524381.475, "Fout": 1114.5117330000003, "Tout": 297.23821079999993, "H2": 0.15457348199999998, "CO": 0.123299971, "H2O": 0.09042573500000001, "CO2": 0.051543673000000005, "CH4": 0.035038096, "C2H6": 1.3997000000000001e-06, "C3H8": 2.14044e-10, "N2": 0.09812807000000001, "Ar": 0.0011898809999999998}}, "input_labels": ["Fin_CH4", "Tin_CH4", "Fin_H2O", "Conversion"], "output_labels": ["HeatDuty", "Fout", "Tout", "H2", "CO", "H2O", "CO2", "CH4", "C2H6", "C3H8", "N2", "Ar"], "input_bounds": {"Fin_CH4": [601.206081, 899.7018541], "Tin_CH4": [600.1585027, 898.7717739], "Fin_H2O": [200.0522428, 349.8636404], "Conversion": [0.800049762, 0.949478941]}}