{"input_scaler": {"expected_columns": ["Fin_CH4", "Tin_CH4", "Fin_H2O", "Conversion"], "offset": {"Fin_CH4": 600.0612688068544, "Tin_CH4": 602.1443412654361, "Fin_H2O": 201.0144638913665, "Conversion": 0.8011126814092694}, "factor": {"Fin_CH4": 299.1399728407289, "Tin_CH4": 297.47318496868877, "Fin_H2O": 148.24411126413142, "Conversion": 0.15845528118155816}}, "output_scaler": {"expected_columns": ["HeatDuty", "Fout", "Tout", "H2", "CO", "H2O", "CO2", "CH4", "C2H6", "C3H8", "N2", "Ar"], "offset": {"HeatDuty": -139983369.6369207, "Fout": 2154.930274365379, "Tout": 483.9306710012597, "H2": 0.0031703981828197, "CO": 1.1840167927771486e-06, "H2O": 0.0004035691677219, "CO2": 0.000131207402266, "CH4": 0.0076901284988583, "C2H6": 2.773118112859547e-09, "C3H8": 5.982431569056315e-13, "N2": 0.2585027818509738, "Ar": 0.0031027685814036}, "factor": {"HeatDuty": 269165189.7910416, "Fout": 1881.8455110486188, "Tout": 746.7132588434476, "H2": 0.49706081792929824, "CO": 0.2187778064648855, "H2O": 0.3979207611139684, "CO2": 0.06795270413984049, "CH4": 0.0420987631503971, "C2H6": 2.169805207251245e-06, "C3H8": 4.5230894369201716e-10, "N2": 0.22359269040381569, "Ar": 0.0027082074700162}}, "input_labels": ["Fin_CH4", "Tin_CH4", "Fin_H2O", "Conversion"], "output_labels": ["HeatDuty", "Fout", "Tout", "H2", "CO", "H2O", "CO2", "CH4", "C2H6", "C3H8", "N2", "Ar"], "input_bounds": {"Fin_CH4": [600.0612688068544, 899.2012416475833], "Tin_CH4": [602.1443412654361, 899.6175262341249], "Fin_H2O": [201.0144638913665, 349.2585751554979], "Conversion": [0.8011126814092694, 0.9595679625908276]}}