{"input_scaler": {"expected_columns": ["Fin_CH4", "Tin_CH4", "Fin_H2O", "Conversion"], "offset": {"Fin_CH4": 600.0, "Tin_CH4": 600.0, "Fin_H2O": 200.0, "Conversion": 0.8}, "factor": {"Fin_CH4": 300.0, "Tin_CH4": 300.0, "Fin_H2O": 150.0, "Conversion": 0.1499999999999999}}, "output_scaler": {"expected_columns": ["HeatDuty", "Fout", "Tout", "H2", "CO", "H2O", "CO2", "CH4", "C2H6", "C3H8", "N2", "Ar"], "offset": {"HeatDuty": -189999297.74043533, "Fout": 2303.704574656291, "Tout": 485.74440788894645, "H2": 0.0041344884290146, "CO": 1.6299875027932174e-06, "H2O": 7.549490326738055e-09, "CO2": 5.999460779261538e-10, "CH4": 0.0087593111465207, "C2H6": 1.2605864312081089e-08, "C3H8": 6.016853045887202e-13, "N2": 0.2558068746642494, "Ar": 0.0030699992294482}, "factor": {"HeatDuty": 497423743.4585608, "Fout": 1776.192540578897, "Tout": 2014.2555921110536, "H2": 0.5019947591185596, "CO": 0.2216015827043733, "H2O": 0.4007690599911284, "CO2": 0.061102972455282324, "CH4": 0.052152105670856694, "C2H6": 3.5459509594287504e-05, "C3H8": 1.605793055175454e-07, "N2": 0.1967102325509229, "Ar": 0.0023666922368059}}, "input_labels": ["Fin_CH4", "Tin_CH4", "Fin_H2O", "Conversion"], "output_labels": ["HeatDuty", "Fout", "Tout", "H2", "CO", "H2O", "CO2", "CH4", "C2H6", "C3H8", "N2", "Ar"], "input_bounds": {"Fin_CH4": [600.0, 900.0], "Tin_CH4": [600.0, 900.0], "Fin_H2O": [200.0, 350.0], "Conversion": [0.8, 0.95]}}